Link,Title
https://finance.yahoo.com/m/e1dcb76b-713c-3afc-b50c-a4ee847bd220/2-top-tech-stocks-under-20.html,2 Top Tech Stocks Under $20 Per Share
https://finance.yahoo.com/news/did-hedge-funds-call-zuora-180655161.html,Did Hedge Funds Make The Right Call On Zuora  Inc. (ZUO) ?
https://finance.yahoo.com/news/zuora-sees-hammer-chart-pattern-111711500.html,Zuora Sees Hammer Chart Pattern: Time to Buy?
https://finance.yahoo.com/m/7565bc1b-3700-382d-9d57-aea14cce4b1b/3-tech-stocks-that-could.html,3 Tech Stocks That Could Deliver Huge Returns Over the Next Decade
https://finance.yahoo.com/news/surging-earnings-estimates-signal-good-123412695.html,Surging Earnings Estimates Signal Good News for Zuora (ZUO)
https://finance.yahoo.com/news/top-ranked-momentum-stocks-buy-140702243.html,Top Ranked Momentum Stocks to Buy for June 24th
https://finance.yahoo.com/news/top-ranked-momentum-stocks-buy-114511807.html,Top Ranked Momentum Stocks to Buy for June 23rd
https://finance.yahoo.com/news/zuora-inc-zuo-hedge-funds-151132792.html,Zuora  Inc. (ZUO): Hedge Funds Taking Some Chips Off The Table
https://finance.yahoo.com/news/zuoras-shares-march-higher-continue-134301596.html,Zuora's Shares March Higher  Can It Continue?
https://finance.yahoo.com/news/zuora-zuo-stock-stands-strong-125012626.html,How Zuora (ZUO) Stock Stands Out in a Strong Industry
